,a1,a2,a3,a4,a5,scale_x,scale_y,scale_z,fit_type
H2 Flow Out [kg/hr/(kg/hr H2 in)],0.6958369280244613,3.313925132755204,0.2864310907826314,14.906077109273566,0.01773198119242181,1.0,239455.0,0.9443731855888214,double_exp
Labor [op/shift/(kg/hr H2 in)],1.2473047523872742,1.7347577264524683,-0.7525474422341529,0.847176341769367,0.21903237194280578,1.0,239455.0,0.0021372356342535185,double_exp
Capex [USD/(kg/hr H2 in)],0.003630093334047253,5.204006816872803,0.05195478659350114,-0.38431099219197934,-0.00415059269776651,1.0,239455.0,4294.2478222426635,exp_power
